"genes","RA1","RA2","RA3","RA4","RA5","RA6","RA7","RA8","RA9","RA10","RA11","RA12","C1","C2","C3","C4","C5","C6","C7","C8","C9"
"g-1",6116.6,7710.9,6862.4,5485.1,5531.3,7971.4,5026.9,6767.6,7100.1,6606,6882.4,7383.4,12744.7,9653.2,3402.3,2589.3,1875.2,9318.8,5158.5,5200.2,6244.8
"g-2",1064.2,698.2,2050.1,1688.1,543.1,1789.9,1110.4,2744.9,2420.1,993.6,1831.1,2553.8,1364.4,1847.7,552.7,2355.8,2437.7,1030.1,1187,1174.9,1742.7
"g-3",968.9,1367.1,1155.6,887.7,2229.6,681,1040.5,795.7,674.1,537.7,390.4,493.1,1290.4,742.6,939.6,103.9,337.7,2400.1,823.4,649.6,524.9
"g-4",3487.6,2582.4,3861.1,3911.8,2652.7,4425.9,5921.9,7486.1,7496,4422.1,7649.3,8699.7,2857.2,5668.3,2067.9,4856.3,4613.9,5979.1,5315.3,4676.9,6869.6
"g-5",376.6,548.1,269.9,158.1,1378.4,207.2,138.9,144.6,190,226.2,213,152.5,241.7,247.2,404.7,205.7,271.8,693,257.5,142.2,130
"g-6",196.9,351.2,434.3,638.2,237.3,331.2,579.1,340.5,339.7,306.2,310.5,458.9,283.4,356.4,279.7,393.6,400.3,199,243.3,443.8,272
"g-7",13156.3,7320.8,8501.5,11850.2,6265.6,10021.3,10152.6,9664.1,6495.7,6182.9,8230.3,8535.7,6938.8,8288.1,5224.4,6511.1,9911.7,7649.7,8301.4,8205.8,4932.2
"g-8",648.4,457.6,354.8,425.2,288,408.9,436.9,539.1,367,344,610.3,441.6,206.3,333.8,197.1,699.5,334.2,286.4,344.8,298.1,322.7
"g-9",334.2,286.6,189.2,283.1,164.5,403.1,532.6,635.3,385.2,234.9,525.3,1105.3,112.1,416.5,99.8,235.9,210.5,508.3,411.4,428.8,432.2
"g-10",250.5,244.6,515.9,608.5,183.7,384,686.5,597.5,815.1,406.1,564.9,345.8,339.7,430.4,227,253.5,275.2,372.1,366.2,327.6,401.2
"g-11",1079,352.8,914.1,1364.8,561.6,789.3,1855.8,1215.6,798.5,600.6,821.9,1145.7,506.5,711.5,243.1,796.1,388.2,920.7,973.3,755.8,790.1
"g-12",599.8,430.7,1086.9,861.4,310.7,1081.1,1585.4,1873.2,1242.3,470.8,1143.7,1380.4,770.1,460.6,379.5,905.3,732.4,475.1,801.2,814.9,1040.5
"g-13",400.6,253.6,497.1,524.5,158.8,336.6,243.3,377.6,510.8,346.4,516.9,599.2,261.2,207.6,123.4,803.2,320,191.9,182.4,218.5,184.1
"g-14",457.6,558.5,589.1,499.5,134.5,289.1,261.9,208.6,379.2,417.5,326.7,401.9,243.9,302.8,209.4,205.7,170.4,185.3,332.3,195,401.2
"g-15",103,303.2,85.2,59.4,604.1,102.5,138.6,112.3,132.7,388.3,77.6,99.6,101,111.8,167.9,36.9,87.6,232.4,110.8,124.6,101.7
"g-16",3061.8,1917.7,5678.3,4469,2052.3,3704.2,3969.3,4548.8,4700.5,3224.7,4277.6,3787.3,2041.4,3119.9,1383.1,981.3,1367.7,2674.6,3366.4,3386.1,3208.5
"g-17",3134.4,1518.1,2972.7,4094.4,1394.7,3644.7,5213.6,4077.1,4206.4,1717.8,5074.8,3208.1,1768.4,3221.4,1136.2,1936,1930.6,2397.3,2116.2,1899.2,2482.1
"g-18",69,99.5,180.9,173.9,68.7,287,151.4,79,56.1,354.2,110.6,248.3,358.3,50.7,33.6,26.6,31.1,295.5,31.5,40.7,6.4
"g-19",725,393.7,889,1199.1,481.3,1021.5,692.4,1527.7,1249.6,459.8,949.9,1319.4,328,832.4,119,447.4,332.3,577,684.4,871.2,779.8
"g-20",1002.7,1908.4,1518.9,1762,937.2,2555.2,1889.8,5159,1905.6,1687.5,3756.8,5744,997.3,1747.5,882.2,1415.1,2099.1,1012.1,1493.5,1288.4,2397.2
"g-21",519.5,415.5,552.9,1094.9,307.1,765.2,1166.4,1237.6,999.4,419.9,949.5,824.4,356.6,538.1,190.6,1068.2,203.9,450.8,494.6,418.2,392.8
"g-22",194.6,99.9,205.7,93.2,104.6,170.1,378.7,331.6,268.4,20.8,113.4,212.1,57.6,68.6,57,189.9,71.1,108.7,189.1,188,40.6
"g-23",3015.5,3380.1,2896.4,2386.3,3620.1,3460.4,3184.9,4148.6,3532.3,2178.5,2854.4,2558.9,1866.1,2294.7,2009.2,1587.3,835.3,1844.6,1762.5,1456.6,1587.7
"g-24",2848.6,1735.9,3702.2,4370.3,2631.8,3815.6,4477,5524.3,6001.8,1290.7,3155.7,4939.9,1717.5,2030.1,860.9,2068.8,911.1,2598.1,2252.1,2022.5,3182.8
"g-25",2046,384.9,2629.5,3495.3,1552.6,2864.3,6312.8,5013.7,3052.5,404.6,1931.3,2672,2058.8,578.3,362.6,3671.7,685.6,817.3,1391.4,1124.7,1249
"g-26",325.7,111.8,262.5,476.9,97.8,471.3,272.1,911.4,540.2,67.4,297.6,191.5,628.3,82.3,74.2,95.3,419.8,31.8,36.4,56.7,56.3
"g-27",969.5,1017.4,1183.9,1157.5,676.1,748.5,1398.3,1038.3,1184.6,600.3,1316.7,562.1,504.4,523.1,404.4,374.1,313.6,622,405.1,453.5,673
"g-28",1284.3,630.9,1489.1,1375.2,605.9,1819,3550.5,2573.2,1673.4,876.4,2588.2,1829.7,887.1,517.4,168.6,1766,571.5,587.4,813,789.6,1141.5
"g-29",115.4,51.7,197.9,265.5,45.6,153.2,437.6,298,196.4,54.9,62,94.3,144.8,103.7,18.1,20.3,51.8,71.2,116.6,127.5,38.4
"g-30",762.1,181.9,700.1,761.2,191.6,590.7,1501.2,937.3,345.7,141.7,350.2,315.5,382.4,267.5,257.8,204.9,301.7,174.8,246.3,218.4,172.1
"g-31",407.4,588,917.4,1277,289.7,508.8,1125.7,612.5,1285.1,593,993.6,384,288.7,508.4,219.3,80.5,200.8,354.6,473.6,464.3,358.3
"g-32",316.6,384.3,228.2,262.8,346.3,689.4,645.9,658.7,260.2,325.7,432.7,466.8,320.8,53.5,214.8,133.4,175.1,140.3,149.5,163.3,229.8
"g-33",679.6,325.5,671.6,486.5,149.9,756.3,698,1213.1,495.6,190.3,380.6,277,552.4,267.4,215.1,66.6,323.8,125.2,209.8,138.6,35.8
"g-34",222.7,46.9,233.4,320,77,290.4,999.3,449.8,242.4,107.9,274.8,282.9,218.8,89.8,118.3,221.2,72.2,38.4,93.4,98.4,38.1
"g-35",639.9,181,581.5,913.3,104,876.8,1051.2,933.1,376.1,114.3,387.5,250.6,692.1,145.5,126.6,79.2,234.4,84.7,151.6,123.9,103.9
"g-36",1665.6,450.6,1993.1,2317.7,419.4,1872.6,5511.2,3205.5,1507.5,343.2,980.8,1101.1,1098.8,268.1,327.6,842.5,479.5,480.3,855.3,779.5,445.5
"g-37",97.2,19.8,25.6,177.2,18.5,42.8,589.1,228.5,174.7,44.3,25.8,37.2,36.7,54.7,26.9,51.3,35,24,49.1,29.6,55.5
"g-38",232.4,67.8,322.4,670.4,58.6,364.1,577.5,449.6,503.6,60.7,356.8,165,264.9,50.4,31.3,52.7,128.4,79.2,102.5,106.3,35.3
"g-39",1842.5,305.5,1699.4,2220.2,249.8,1901.5,5237.3,3069.4,692.8,187.5,674,636.6,716.1,386.9,125.6,223.4,383.6,317.8,448.6,402.8,225.5
"g-40",784.8,97.2,897.8,1095.1,93.7,623.8,2302.2,1477.3,529.9,33.6,346,148.1,217.8,83.3,33,13.4,136.9,74.2,117.7,135.1,79
"g-41",206.5,74.8,225.8,285,339.6,270,510.7,379.4,199.9,36.2,85.2,78.4,41.6,7.4,3.8,7.9,6.3,19.6,18.3,76.5,8.1
"g-42",122.9,199.2,139.3,101.7,237.5,163.9,51.7,133.6,155.1,114.4,77.6,615.7,479,372.3,267.1,142.8,203.7,759.6,605.7,674,628.3
"g-43",612.7,409,854.4,939.7,321.4,596.6,370.7,1333.5,792,631.7,1149.9,996.9,998.4,945.7,416.1,8499.5,739.9,350.5,556.4,559.8,678.5
"g-44",32.1,17.6,14.6,10.3,17,51.1,57.9,73.2,94.7,37.3,21,201,100.8,69.8,65,33.5,36.6,104.7,148.8,113.7,246.7
"g-45",44.9,11.6,105.6,61.9,23.2,91.9,111.9,72,58.4,66.1,88,108.9,126.7,196.6,22,86.9,35.6,67.7,44,92.8,222.6
"g-46",253.6,187.2,156.8,114.5,166.9,146.1,159,158,146.7,336.3,155.5,225.4,180.2,188.5,243.2,89.5,124.9,365.8,423.1,286.5,400.3
"g-47",6.9,34.8,16.8,3.3,4.9,3,2.2,2.8,3.8,4.2,3.9,55.7,25.1,5.3,2.5,37.1,6.5,9.1,16.4,3.8,38.9
"g-48",2959.4,2568,3791.1,3734.1,2047.2,3041.2,3491.4,5568.8,5085.8,3556.9,5696.7,6485.1,2947.9,7337.1,2490.1,6134.2,3024.7,6529,6611.7,6111.1,6133.7
"g-49",98.1,14.4,98.5,13.3,76.7,76.3,22.3,17.5,58,39.9,47.5,19.5,139.4,34.1,43.2,19,79.2,120.1,67.9,24.8,30.7
"g-50",883.5,1699.1,346.1,232.9,2335.3,584.1,260.9,321.4,635.4,1283.1,427.6,450.6,709.1,1034.4,3575.9,235.9,731.9,807.2,622.4,371.9,623.6
"g-51",6.4,37.7,32.3,10.2,2.9,3.7,41.9,2.3,9,3.6,2.9,15.4,27.5,4.4,25.7,7.5,8,32.8,20.8,11.6,15.2
"g-52",918.2,1598.6,901.5,1322.4,1294.9,1575.2,1789.8,1658.5,1642.9,1030.5,2461.5,1786.2,2169.9,2128.7,672.8,506.9,366.4,3036.7,2541.1,2264.1,2438.9
"g-53",1117.8,3499.5,1267.5,887.7,5697.8,1166.9,1116.7,1306,1141.1,2204,816.5,1279.3,1863.9,1715.8,2206.2,464.6,1324.1,4834.8,2183.9,1746.8,1684
"g-54",858.5,419.6,706.4,915.2,480.3,698.1,808.2,1008.5,1117.7,384.7,908.3,1353.3,491.2,796.4,431.4,651.9,532.6,1366.4,1087.7,1194.1,1310.5
"g-55",485.2,813.9,404.8,247.6,1517.7,644.9,360.4,345.9,432.7,809.4,196.6,210.6,459.4,492.4,889.3,23.6,55.8,986.9,976.5,517.6,579.5
"g-56",1244.8,942.9,773.4,1253.5,936,1231.7,1517.5,1781.5,2173.1,1309.4,2258.9,2735.2,747.5,1464.9,669.5,3699.3,937.3,1613.9,1456.6,1467.3,1882.1
